{
  "perguntas": [
  {
  "pergunta": "Como posso criar uma conta?",
  "resposta": "Para criar uma conta, clique no botão ‘Cadastre-se’ no canto superior direito do nosso site e siga as instruções para concluir o processo de registro."
  },
  {
  "pergunta": "Que tipos de pagamentos você aceita?",
  "resposta": "Aceitamos os principais cartões de crédito, cartões de débito e PayPal como métodos de pagamento para pedidos online."
  },
  {
  "pergunta": "Como posso rastrear meu pedido?",
  "resposta": "Você pode acompanhar seu pedido fazendo login em sua conta e navegando até a seção ‘Histórico de pedidos’. Lá você encontrará as informações de rastreamento da sua remessa."
  },
  {
  "pergunta": "Qual é a sua política de devolução?",
  "resposta": "Nossa política de devolução permite que você devolva produtos no prazo de 7 dias após a compra e receba reembolso total, desde que estejam em suas condições e embalagens originais. Consulte nossa página de devoluções para obter instruções detalhadas."
  },
  {
  "pergunta": "Posso cancelar meu pedido?",
  "resposta": "Você pode cancelar seu pedido se ele ainda não tiver sido enviado. Entre em contato com nossa equipe de suporte ao cliente com os detalhes do seu pedido e nós o ajudaremos com o processo de cancelamento."
  },
  {
  "pergunta": "Quanto tempo leva o envio?",
  "resposta": "Os tempos de envio variam dependendo do destino e do método de envio escolhido. O envio padrão geralmente leva de 3 a 5 dias úteis, enquanto o envio expresso pode levar de 1 a 2 dias úteis."
  }
  ]
}
  
  
  
